"text","label"
"Match Thread: Newcastle United vs Bradford City -- #**28': Newcastle United  [vs](#bar-3-white)  Bradford City**

**Venue:** St. James&#x27; Park

[Auto-refreshing reddit comments link](http://www.reddit-stream.com/comments/1npl5y8)

---------

[](#icon-notes-big) **LINE-UPS**

**Newcastle United**

Aaron Ramsdale, Sven Botman, Malick Thiaw, Lewis Hall, Emil Krafth, Bruno Guimarães, Lewis Miley, Joelinton, William Osula, Anthony Gordon, Anthony Elanga.

**Subs:** Harvey Barnes, Valentino Livramento, Alex Murphy, Jamaal Lascelles, Sandro Tonali, Joe Willock, Kieran Trippier, Nick Pope, Nick Woltemade.

^____________________________

**Bradford City**

Sam Walker, Neill Byrne, Ciaran Kelly, Matthew Pennington, Max Power, Tommy Leigh, Ibou Touray, Brad Halliday, Stephen Humphrys, Bobby Pointon, Nick Powell.

**Subs:** Tyreik Wright, Joe Wright, Tom Mcintyre, Jenson Metcalfe, Antoni Sarcevic, Josh Neufville, Joe Hilton, George Lapslie, Andy Cook.

------------

[](#icon-net-big) **MATCH EVENTS** | *via [ESPN](http://www.espn.com/soccer/match?gameId=758196)*



--------

*^(Don't see a thread for a match you're watching?) [^(Click here)](https://www.reddit.com/r/soccer/wiki/matchthreads#wiki_match_thread_bot) ^(to learn how to request a match thread from this bot.)*","analysis"
"The FFF wants to reduce the World Cup bonuses for the French national team -- *L'ÉQUIPE EXCLUSIVE. Philippe Diallo met with the French national team players and asked them to agree to reduce their World Cup bonuses.* With just under three weeks until the French team departs for the United States, the French Football Federation (FFF) is looking to save money. Its president, Philippe Diallo, met with the players in early spring to ask them to accept a reduction in their World Cup bonuses. The FFF president explained that FIFA's prize money was not yet up to expectations, that the exchange rate between the dollar and the euro was unfavorable, and that the costs of the competition would be particularly high. Some players reportedly understood that this was also a way to protect the FFF's increasingly precarious financial situation. A form of incomprehension then took hold among the French national team. Why should the senior French team, which notably generated a record €100 million annual Nike contract, balk at match bonuses that slightly exceeded €20,000 per player? Above all, why ask them to lower their bonuses when, four months earlier, Philippe Diallo had doubled them due to their qualification for the World Cup? According to several sources, despite the substantial sums paid by the American sportswear company, the French Football Federation (FFF) has been seeking to cut costs across all national teams for several months in a quest for budgetary balance. **Other FFF services targeted by cost reductions** Some budget revisions have already been made since the beginning of 2026, accompanied by significant cuts at the level of the National Technical Directorate (DTN). For example, the U20 team did not participate in the Maurice Revello Tournament, formerly the Toulon Tournament, despite being the defending champions. Other services have also been targeted by cost reductions. However, until now, the senior national team seemed to have been spared this trend. The meeting with Philippe Diallo therefore came as a surprise to some. For now, nothing has been finalized, no agreement has been reached. The French national team will gather on May 28th in Clairefontaine, and the FFF leaders will undoubtedly have the opportunity to speak again with the players or at least the senior members of the group. It is likely, however, that the entire team, players and staff alike, would have preferred to begin their World Cup preparations without this kind of issue on the table at this particular time. Philippe Diallo will have to find a solution quickly. Or hope that the prize money will be increased.","analysis"
"Weghorst bizarre tackle on Geertruida during Netherlands training","hot_take"
"Mikel Oyarzabal hits the bar against Saudi Arabia 35'","hot_take"
"Moroccan Federation joint communiqué on UEFA president Aleksander Ceferin comments","hot_take"
"Media analysts believe FIFA's lucrative hydration breaks are here to stay","reaction"
"Kai havertz makes it a historical 7-1 for germany against Curacao","reaction"
"Australian VAR supervisor, Shaun Evans, hand gesture before the match between Germany and Curaçao","hot_take"
"PSG and Strasbourg are requesting the postponement of their Ligue 1 matches scheduled between their European Cup quarter-finals. -- Traduction: They studied the issue for several days and decided to take action. According to our information, PSG and Strasbourg have just informed the Professional Football League (LFP) that they are requesting the postponement of their Ligue 1 matches sandwiched between the first and second legs of their upcoming European fixtures. The Parisian club wants to postpone the Lens-PSG match scheduled for Saturday, April 11, which is sandwiched between their two Champions League quarter-finals against Liverpool on Wednesday, April 8, and Tuesday, April 14. For its part, the Alsatian club wants the Brest-Strasbourg match, scheduled for Sunday, April 12, postponed and set between their two Conference League quarter-finals against Mainz on Thursdays, April 9 and 16. The LFP's board of directors is to meet this Thursday morning to decide the fate of these two league matches. According to the regulations, it has the final say in such a decision and does not need the opposing teams' agreement to postpone the matches. Article 22 of the League's statutes and regulations, concerning the ""powers"" of the Board of Directors, grants it, in particular, the authority to ""establish the general schedule of competitions and the schedule of matches (...) and to make any modifications to them during the season."" When consulted, its aim is generally to facilitate the arrangements for the teams before a European Cup match.","analysis"
"Christophe Pelissier has been fired from AJ Auxerre","hot_take"
"Match Thread: Trabzonspor vs Konyaspor (2026 Turkish Cup Final) -- Venue: Antalya Stadium Trabzonspor XI: Onana, Pina, Nwaiwu, Savic, Eskihellaç, Bouchouari, Jabol-Folcarelli, Muçi, Zubkov, Felipe Augusto, Onuachu Konyaspor XI: Güngördü, Kutlu, Yazgılı, Demirbağ, Nagalo, Jevtovic, İbrahimoğlu, Goncalves, Bardhi, Türüç, Muleka","analysis"
"Curacao showing love to their fans after losing World Cup debut 7-1 to Germany","reaction"
"Serie A MVPs by role and best u23 player","hot_take"
"Fiorentina [1]-0 Atalanta - Roberto Piccoli 39'","reaction"
"Cole Palmer’s New Girlfriend Olivia Holder: What We Know","hot_take"
"Belgium 🤝 Turkey Disappointing underpreformances","reaction"
"thank you, most braindead comments abt how Yamal was making a difference were sending me. When Olmo and Baena being in the side instead of Ruiz and Gavi is what was the real difference.","reaction"
"Match Thread: Fiorentina vs Atalanta -- #**0': Fiorentina [vs](#bar-3-white) Atalanta** **Venue:** Stadio Artemio Franchi [Auto-refreshing reddit comments link](http://www.reddit-stream.com/comments/1tkruks) --------- [](#icon-notes-big) **LINE-UPS** **Fiorentina** Oliver Christensen, Pietro Comuzzo, Daniele Rugani, Robin Gosens, Dodô , Rolando Mandragora, Marco Brescianini, Giovanni Fabbian, Roberto Piccoli, Albert Gudmundsson, Jack Harrison. **Subs:** Nicolò Fagioli, Luca Lezzerini, Riccardo Braschi, Niccolò Fortini, Cher Ndour, Marin Pongracic, David de Gea, Giorgio Puzzoli, Luís Balbo, Manor Solomon. ^____________________________ **Atalanta** Marco Sportiello, Isak Hien, Honest Ahanor, Giorgio Scalvini, Mario Pasalic, Marten de Roon, Yunus Musah, Raoul Bellanova, Giacomo Raspadori, Kamaldeen Sulemana, Lazar Samardzic. **Subs:** Relja Obric, Davide Zappacosta, Éderson , Nikola Krstovic, Gianluca Scamacca, Nicola Zalewski, Sead Kolasinac, Charles De Ketelaere, Marco Carnesecchi, Mitchel Bakker, Berat Djimsiti, Francesco Rossi, Dominic Vavassori. ------------ [](#icon-net-big) **MATCH EVENTS** | *via [ESPN](http://www.espn.com/soccer/match?gameId=737161)* -------- *^(Don't see a thread for a match you're watching?) [^(Click here)](https://www.reddit.com/r/soccer/wiki/matchthreads#wiki_match_thread_bot) ^(to learn how to request a match thread from this bot.)*","analysis"
"The golden generation is done and dusted. No way in hell Dolu alone will be able to carry these bums.","reaction"
"Countdowns and schedule for all World Cup group stage matches","hot_take"
"From Times Square to England squad: Trevoh Chalobah realises World Cup dream","hot_take"
"Match Thread: Tottenham Hotspur vs Doncaster Rovers -- #**32': Tottenham Hotspur  [vs](#bar-3-white)  Doncaster Rovers**

**Venue:** Tottenham Hotspur Stadium

[Auto-refreshing reddit comments link](http://www.reddit-stream.com/comments/1npla9h)

---------

[](#icon-notes-big) **LINE-UPS**

**Tottenham Hotspur**

Antonin Kinsky, Archie Gray, Kevin Danso, Djed Spence, Pedro Porro, João Palhinha, Xavi Simons, Rodrigo Bentancur, Mathys Tel, Brennan Johnson, Wilson Odobert.

**Subs:** Tynan Thompson, Brandon Austin, Jun&#x27;Ai Byfield, Dane Scarlett, Richarlison, Luca Williams-Barnett, Destiny Udogie, Lucas Bergvall, Micky van de Ven.

^____________________________

**Doncaster Rovers**

Ian Lawlor, Jay Mcgrath, Sean Grehan, Jack Senior, Thomas Nixon, Joe Sbarra, Ben Close, Owen Bailey, Damola Ajayi, Glenn Middleton, Toyosi Olusanya.

**Subs:** Jordan Gibson, Thimothee Lo-Tutala, Luke Molyneux, Connor O&#x27;Riordan, James Maxwell, Robbie Gotts, Zain Westbrooke, Charlie Crew, Brandon Hanlan.

------------

[](#icon-net-big) **MATCH EVENTS** | *via [ESPN](http://www.espn.com/soccer/match?gameId=758197)*



--------

*^(Don't see a thread for a match you're watching?) [^(Click here)](https://www.reddit.com/r/soccer/wiki/matchthreads#wiki_match_thread_bot) ^(to learn how to request a match thread from this bot.)*","analysis"
"Spain [5] - 0 Saudi Arabia - Ferran Torres goal 90+1'","reaction"
"“If my father was God, McTominay is Jesus,” Diego Maradona’s son, Diego Maradona Junior, told Radio Kiss Kiss after McTominay scored the only goal of the game at the Unipol Domus. -- [The Serie A title race has been declared open, shut and back open again in the meantime. Remarkably, Napoli now feel as if they are back in the mix.Friday’s 1-0 win against Cagliari was their fourth in a row. Scott McTominay scored the only goal of the game at the Unipol Domus, and received high praise from the son of Diego Maradona.The champions are only two points worse off than they were at this stage last season, a miracle given the circumstances and reason enough to argue Antonio Conte should, along with Cesc Fabregas and Max Allegri, be the leading candidate for coach of the year.✍️ @JamesHorncastle https:\/\/www.nytimes.com\/athletic\/7140246\/2026\/03\/23\/serie-a-juventus-sassuolo-italy-world-cup\/?source=twitteruk](https://preview.redd.it/cqgy6v0cytqg1.jpg?width=544&format=pjpg&auto=webp&s=4999fb2f5289f555921255fde7d7e0255f851d29)","analysis"
"Ferran is such a bum. How the heck does he keep getting invited to the national team?","reaction"
"Germany [3] - 1 Curacao - Kai Havertz penalty 45+4'","reaction"
"Match Thread: Hellas Verona vs Venezia -- #**47': Hellas Verona  [vs](#bar-3-white)  Venezia**

**Venue:** Stadio Marcantonio Bentegodi

[Auto-refreshing reddit comments link](http://www.reddit-stream.com/comments/1npirgy)

---------

[](#icon-notes-big) **LINE-UPS**

**Hellas Verona**

Simone Perilli, Armel Bella-Kotchap, Enzo Ebosse, Tobias Slotsager, Cheikh Niasse, Yellu Santiago, Al-Musrati, Grigoris Kastanos, Fallou Cham, Junior Ajayi, Amin Sarr.

**Subs:** Adi Kurti, Ruben Akalé, Davide De Battisti, Ioan Vermesan, Mirko Castagnini, Victor Nelsson, Alessandro Pavanati, Rafik Belghali, William Feola, Giovane, Lorenzo Montipò, Luca Monticelli, Gift Orban, Luca Szimionas.

^____________________________

**Venezia**

Alessandro Plizzari, Michael Venturi, Marin Sverko ([](#icon-sub)Ahmed Sidibé), Joel Schingtienne, Nunzio Lella, Enrique Perez, Emil Bohinen, Ridgeciano Haps ([](#icon-sub)Richie Sagrado), Mattia Compagnon, Antonio Casas, Daniel Fila.

**Subs:** Filip Stankovic, Seid Korac, Alessandro Pietrelli, Bjarki Steinn Bjarkason, John Yeboah, Matteo Grandi, Antoine Hainaut, Andrea Adorante, Gianluca Busio, Issa Doumbia, Michael Svoboda.

------------

[](#icon-net-big) **MATCH EVENTS** | *via [ESPN](http://www.espn.com/soccer/match?gameId=756564)*



--------

*^(Don't see a thread for a match you're watching?) [^(Click here)](https://www.reddit.com/r/soccer/wiki/matchthreads#wiki_match_thread_bot) ^(to learn how to request a match thread from this bot.)*","analysis"
"Yeah he stopped exerting after 3-0. Rightfully so.","reaction"
"Lukas Podolski video marking his retirement","reaction"
"The AFCON trophy is never leaving Senegal it seems.","hot_take"
"Mohamed Kanno and Alaa Alhaji clashed heads","hot_take"
"Yeah I agree, my point is that opening the leauge is not necessarily the issue.","reaction"
"Match Thread: Port Vale vs Arsenal -- #**10': Port Vale  [vs](#bar-3-white)  Arsenal**

**Venue:** Vale Park

[Auto-refreshing reddit comments link](http://www.reddit-stream.com/comments/1npl3a6)

---------

[](#icon-notes-big) **LINE-UPS**

**Port Vale**

Joe Gauci, Jesse Debrah, Connor Hall, Cameron Humphreys, Rhys Walters, Ryan Croasdale, George Hall, Jaheim Headley, Jordan Lawrence-Gabriel, Ruari Paton, Ronan Curtis.

**Subs:** George Byers, Marko Marosi, Jayden Stockley, Mo Faal, Ben Garrity, Ben Heneghan, Funso Ojo, Mitchell Clark, Devante Cole.

^____________________________

**Arsenal**

Kepa Arrizabalaga, Cristhian Mosquera, William Saliba, Myles Lewis-Skelly, Ben White, Christian Nørgaard, Mikel Merino, Ethan Nwaneri, Gabriel Martinelli, Eberechi Eze, Bukayo Saka.

**Subs:** Jurriën Timber, Leandro Trossard, Viktor Gyökeres, Max Dowman, David Raya, Martín Zubimendi, Gabriel Magalhães, Riccardo Calafiori, Declan Rice.

------------

[](#icon-net-big) **MATCH EVENTS** | *via [ESPN](http://www.espn.com/soccer/match?gameId=758199)*



--------

*^(Don't see a thread for a match you're watching?) [^(Click here)](https://www.reddit.com/r/soccer/wiki/matchthreads#wiki_match_thread_bot) ^(to learn how to request a match thread from this bot.)*","analysis"
"the yanks couldn't even beat our b team in a friendly and quite honestly got their asses kicked","reaction"
"Match Thread: Dinamo Zagreb vs Fenerbahce -- #**7': Dinamo Zagreb  [vs](#bar-3-white)  Fenerbahce**

**Venue:** Maksimir

[Auto-refreshing reddit comments link](http://www.reddit-stream.com/comments/1npl1et)

---------

[](#icon-notes-big) **LINE-UPS**

**Dinamo Zagreb**

Ivan Nevistic, Scott McKenna, Sergi Domínguez, Bruno Goda, Moris Valincic, Josip Misic, Miha Zajc, Dejan Ljubicic, Dion Drena Beljo, Arbër Hoxha, Mateo Lisica.

**Subs:** Kévin Théophile-Catherine, Marko Soldo, Robert Mudrazija, Monsef Bakrar, Matteo Vinlöf, Cardoso Varela, Luka Stojkovic, Niko Galesic, Sandro Kulenovic, Ivan Filipovic, Gabriel Vidovic, Gonzalo Villar.

^____________________________

**Fenerbahce**

Ederson, Milan Skriniar, Jayden Oosterwolde, Caglar Söyüncü, Marco Asensio, Sebastian Szymanski, Archie Brown, Nélson Semedo, Youssef En-Nesyri, Kerem Aktürkoglu, Nene Dorgeles.

**Subs:** Ismail Yüksek, Oguz Aydin, Yigit Demir, Mert Müldür, Irfan Can Kahveci, Fred, Irfan Can Egribayat, Cenk Tosun, Tarik Cetin.

------------

[](#icon-net-big) **MATCH EVENTS** | *via [ESPN](http://www.espn.com/soccer/match?gameId=757800)*



--------

*^(Don't see a thread for a match you're watching?) [^(Click here)](https://www.reddit.com/r/soccer/wiki/matchthreads#wiki_match_thread_bot) ^(to learn how to request a match thread from this bot.)*","analysis"
"Chelsea agree deal to sign Valentín Barco, here we go! Agreement in place with the player as RC Strasbourg will let Barco go after impressive improvement this year. #CFC ready to proceed for the Argentinian midfielder from June.","analysis"
"Ladislav Krejčí becomes the new captain of the Czech National Team replacing Tomáš Souček","reaction"
"Hugo Mosshagen, 20 years old, was shot to death in Örebro late on Saturday night. He was a goalkeeper for BK Forward in the Swedish 3rd tier and dreamt of becoming a professional footballer. He has no prior criminal record and it is speculated that it could be a case of mistaken identity","analysis"
"Hansi Flick has been named as La Liga Manager of the Month for March.","hot_take"
"I mean, each game is different and it's a quick tournament, shit like this always happens. Look at the Curacao results lol","reaction"
"Man he sucks. and I am super upset about this as a barcelona fan.","reaction"
"How would you feel if a new rule was added that goals outside the are count as 2 points?","hot_take"
"Enis Bardhi (Konyaspor) penalty miss against Trabzonspor 58'","hot_take"
"Match Thread: Real Oviedo vs Mirandés | Spanish LALIGA 2 -- #**0': Real Oviedo  [vs](#bar-3-white)  Mirandés**

**Venue:** Carlos Tartiere

[Auto-refreshing reddit comments link](http://www.reddit-stream.com/comments/1lh443y)

---------

[](#icon-notes-big) **LINE-UPS**

**Real Oviedo**

Aarón Escandell, Daniel Calvo, David Costas, Abdel Alhassane, Nacho Vidal, Santiago Colombatto, Kwasi Sibo, Santi Cazorla, Haissem Hassan, Federico Viñas, Ilyas Chaira.

**Subs:** Alemão , Álex Suárez, Carlos Pomares, César De la Hoz, Francisco Portillo, Daniel Paraschiv, Paulino De La Fuente, Sebas Moyano, Jaime Seoane, Oier Luengo, Quentin Braat, Lucas .

^____________________________

**Mirandés**

Raúl Fernández , Unai Egiluz, Victor Parada, Pablo Tomeo, Iker Benito, Hugo Rincón, Jon Gorrotxategi, Mathis Lachuer, Alberto Reina, Joaquín Panichelli, Urko Izeta.

**Subs:** Luis López, Alberto Dadie, Joel Roca , Álex Calvo, Alejandro González Gorrin, Julio Alonso, Sergio Postigo, Juan Gutiérrez, Ander Martín, Carlo García, Alberto Rodríguez, Adrián Butzke.

------------

[](#icon-net-big) **MATCH EVENTS** | *via [ESPN](http://www.espn.com/soccer/match?gameId=739025)*



--------

*^(Don't see a thread for a match you're watching?) [^(Click here)](https://www.reddit.com/r/soccer/wiki/matchthreads#wiki_match_thread_bot) ^(to learn how to request a match thread from this bot.)*","analysis"
"Dont these germany fans got any shame for lit cheering that their team (which isnt even fully german btw) scores on the smallest country/ arguebly the worst team in the tournament? Look im not for any of them but its actually shamefull Imao","hot_take"
"What does the VAR say? A reckless challenge by the Unión Escolar goalkeeper on the Cerro Porteño striker in the Paraguayan League’s youth division. According to those present, the referee penalised the challenge on the goalkeeper.","analysis"
"Ole Book becomes the new sporting director of Borussia Dortmund.","reaction"
"Bosnia's coach accuses Steve Cooper of dropping Tahirovic in order to hurt Bosnia's chances against Wales. -- Quotes translated from Danish by me: 'Benjo' (Benjamin Tahirovic) has told me a few things, that are hard to believe. It has something to do with the coach's roots and origins. When your coach wishes you, but not your national team, good luck, everything is much clearer. He (cooper) has told him (Tahirovic) that everything returns to normal after the international break. I am not like that. I love and regard sport and competition higher.","analysis"
"Pep Guardiola on Arsenal: “We’re happy to beat the best team in Europe, alongside Bayern Munich and maybe Barcelona”.","hot_take"
"Chelsea decide against pursuing Antoine Semenyo. #CFC made initial enquiry but not planning to go further. Confidence in depth + quality of existing options - will continue to look at attacking in signing in 2026 & reward leading players @TheAthleticFC","analysis"
"Lukaku still adapting to the US time zones, explain why he is +7hs late to everything","reaction"
"Germany [5]-1 Curacao - Nathaniel Brown 68'","reaction"
"Match Thread - Lens vs Nice | Coupe de France final -- The party of French football. The bot didn't work, so I made it myself and I won't update it.","reaction"
"🦁 Kahawa Pride FC Road to KPL: From Grassroots to Glory in Five Years.How one man from Overseas is trying to climb sports Everest","reaction"
"Manchester United spent £138 million on Jadon Sancho. He scored 12 goals. He just left for free.","reaction"
"Germany [4] - 1 Curacao - Jamal Musiala 47'","reaction"
"Cherki five minutes after winning the Carabao Cup.","hot_take"
"Turkish fans watching their World Cup match against Australia from the Antiphellos Ancient Theatre in Kas, Antalya.","hot_take"
"Bayer Leverkusen director Simon Rolfes pens a goodbye letter to Florian Wirtz, posted on Linkedin: ""Thank you, Flo, for your time under the cross and for being who you are... You all will stay part of the Bayer 04 family.""","analysis"
"Apologies to Saudi Arabia on behalf of Cape Verde","hot_take"
"Real Madrid's tifo against Atletico Madrid in La Liga last night.","hot_take"
"Spain disallowed goal against Saudi Arabia 90+2'","hot_take"
"Lens 2-[1] Nice - Djibril Coulibaly 45'+3'","hot_take"
"What does the VAR say? A reckless challenge by the Unión Escolar goalkeeper on the Cerro Porteño striker in the Paraguayan League’s youth division According to those present, the referee penalised the challenge on the goalkeeper.","analysis"
"OTD 30 years ago, Juventus defeated Ajax to win their 2nd European Cup","hot_take"
"Albert Riera: ""To be honest, the level of the Bundesliga disappointed me a bit. [...] The teams in the bottom third of the table all play in the exact same way. [...] If Celje were to play against Frankfurt, they could keep up.""","analysis"
"Majority of Ligue 1 viewers accessing matches illegally, LFP reveals","hot_take"
"When people play pick up (no refs) soccer games, do they call offsides on each other other ignore that rule?","hot_take"
"The Real Origin of Arsenal's Setpiece Dominance","hot_take"
"Spain [5] - 0 Saudi Arabia - Ferran Torres 90+2'","reaction"
"Cesar Azpilicueta announced his retirement at the end of the season at the age of 36 years.","reaction"
"Tottenham Hotspur are bottom of the home table","hot_take"
"Jurgen Klopp addresses Real Madrid rumors: ""You need to show a bit of discipline there. It’s all just nonsense, not called me once, not a single time. (mockingly) I’ll take over at Atlético Madrid as well, preferably at the same time. Sorry Madrid, you’ll have to ring first!"" -- Klopp: “It’s good that we’re talking about this, When is a story a story? When someone takes a sheet of paper and writes something on it? Or when there’s actually something to it? What does the situation have to be? That Real Madrid called me at some point and said: ‘Florentino Pérez on the phone! Jürgen, how are things?' Or is it enough if *OE24* – no idea whether that’s AI or written by people – writes some rubbish? That annoys me."" Addressing the reporters present on Monday, Klopp said: ""You need to show a bit of discipline there. It’s all just nonsense."" Real had ""not called him once, not a single time"" in the course of his life so far. He added mockingly: ""I’ll take over at Atlético Madrid as well, preferably at the same time. Sorry Madrid, you’ll have to ring first!""","analysis"
"the saudi oil princes aren't going to be happy after this one 😂","hot_take"
"Borussia Dortmund's bench is watching their Club World Cup match from the locker room because of the heat.

It is currently 87 degrees (30.5 degrees Celsius) in Cincinnati, Ohio where the match is being played.","analysis"
"Is Ronaldo’s hattrick vs Spain in 2018 the greatest ever???","hot_take"
"[De Telegraaf] FC Den Bosch youth players in the picture for near-fatal assault on Duke (21) -- Youth players from the local FC appear to have been involved in the serious assault on Duke Barning (21) on November 11 in Den Bosch. The Keuken Kampioen Divisie club says it is ""aware of a case that may involve individuals active in the youth academy.""

Victim Duke Barning from Oisterwijk told his story last weekend together with his girlfriend Britt Wauben (17) in De Telegraaf, after he was almost kicked to death on the street during the start of carnival.

For no reason at all, a large group of young men wrestled him to the ground early that evening in Den Bosch and kicked him hard and deliberately at the head. ""That seemed to be their main goal. I had no bruises, even though my head was completely cut open. There was blood everywhere,"" he recalled dejectedly.

His girlfriend, Britt Wauben, was there and had to watch as her boyfriend was nearly trampled to death. ""I screamed and yelled as loud as I could. Two bystanders finally intervened, and then it stopped. That saved Duke's life,"" said the young finalist of the Miss Teen Brabant pageant.

On the eleventh of the eleventh, the hospital diagnosed Barning's skull as having been punched in the head. As the owner of a scooter shop, the twenty-something tried to rebuild his life, but the consequences of the near-fatal assault proved too great six weeks later.

With frustration in his voice: “I feel very powerless and I can't concentrate on anything.”

During a follow-up visit to the doctor last week, it was discovered that the sinuses in his forehead were inflamed. This, the doctor concluded, is also the reason he suffers from constant, severe headaches.

The fact that the kicking was likely carried out by professional footballers in training makes the incident even worse. Sources at De Telegraaf confirm that the three suspects, arrested last week, are youth players at FC Den Bosch.

The club has reportedly removed the players from its website. However, an FC Den Bosch spokesperson called this a coincidence. The website was reportedly recently updated and many old portraits were removed. One of the suspects is also said to no longer play for FC Den Bosch.

The club will first await the outcome of the police investigation. The spokesperson: ""The club currently has no verifiable information indicating the involvement of individuals from the youth academy. If this does prove to be the case, we will discuss it with those involved. Any negative role will have consequences.""

Police announced in a press release that two 18-year-olds and one 19-year-old were questioned and released. They remain suspects in the assault.

However, multiple suspects were involved in the violence. The prosecutor is considering releasing available camera footage to bring the other suspects into focus.","analysis"
"3 - With two goals and an assist, Spain's Mikel Oyarzabal is only the second player on record (from 1966) to score or assist three goals in the opening 25 minutes of a FIFA World Cup match, after Hungary's László Fazekas against El Salvador in 1982 (1 goal, 2 assists). [OptaJoe]","analysis"
"On July 16, 1950, 200,000 people filled the Maracanã. Brazil was 1-0 up. The trophy was already engraved. Then Ghiggia struck. Not a single sound. This is the Maracanazo.","reaction"
"Match Thread Updates] Spain vs Saudi Arabia | Belgium vs Iran","hot_take"
"The current Real Madrid team might be underrated","hot_take"
"What does the VAR say? A reckless challenge by the Unión Escolar goalkeeper on the Cerro Porteño striker in the Paraguayan League’s youth division 🇵🇾 According to those present, the referee penalised the challenge on the goalkeeper.","analysis"
"Ex-Liverpool Star Warns Canadian Premier League Will Regret Adopting Arsene Wenger’s Offside Rule. “I don’t want games to finish 8-5 or 8-6. This is not football.""","reaction"
"Kylian Mbappé's testimony has crystallized the debates surrounding the legal fate of Achraf Hakimi, who has been sent to trial for rape.","reaction"
"Micah Richards: “Madrid winning the UCL? Right now, I'd say no. Barcelona & Bayern are better. But Madrid have players for the biggest moments. That's what the UCL is. Every time I rule out Madrid, they prove me wrong, every single time. Even when they don't play well, they just get over the line”","hot_take"
"Is anyone talking about the bad camera and replay work this WC? -- I couldn't work out whether this fits the rules but here goes: I've watched a lot of football in my life and I've realised I have a reflexive expectation of what will be replayed and when. Even playing irl I'll look around for the replay sometimes... Anyway, what stands out is that that broadcasters this year really don't understand not only what is replay-worthy, but also at what phase of play to start. Goal replays start just as the player is shooting. Like the build up is unimportant? And fouls and other events do the same thing. Cut out the important stuff. A lot of the time nothing is shown until full time analysis and as spectators we have no idea what went on. Particularly with refereeing decisions. I am not used to this... I thought something seemed off and then have had many people independently bring it up to me. So is anyone else noticing this? Are they under instruction to limit it? Just seems like they don't know what viewers want to see","analysis"
"Match Thread: Portugal U21 vs Netherlands U21 | UEFA European Under-21 Championship -- #**0': Portugal U21  [vs](#bar-3-white)  Netherlands U21**

**Venue:** Pod Dubnom

[Auto-refreshing reddit comments link](http://www.reddit-stream.com/comments/1lgzrvo)

---------

[](#icon-notes-big) **LINE-UPS**

**Portugal U21**

Samuel Soares, João Muniz, Chico Lamba, Diogo Nascimento, Názinho, Rodrigo Pinheiro, Gustavo Sá, Paulo Bernardo, Mateus Fernandes, Tiago Tomas, Geovany Quenda.

**Subs:** Mathias De Amorim, Diogo Pinto, Rafael Rodrigues, Henrique Araújo, Christian Marques, Carlos Forbs, Lourenço Henriques, Rodrigo Gomes, João Carvalho, João Marques, Pedro Santos.

^____________________________

**Netherlands U21**

Robin Roefs, Jorrel Hato, Rav van den Berg, Ian Maatsen, Devyne Rensch, Luciano Valente, Kenneth Taylor, Ryan Flamingo, Thom Van Bergen, Ruben Van Bommel, Million Manhoef.

**Subs:** Calvin Raatsie, Ezechiel Banzuzi, Dani van den Heuvel, Noah Ohio, Neraysho Kasanwirjo, Antoni Milambo, Anass Salah-Eddine, Myron van Brederode, Wouter Goes, Ernest Poku, Bjorn Meijer.

------------

[](#icon-net-big) **MATCH EVENTS** | *via [ESPN](http://www.espn.com/soccer/match?gameId=724172)*



--------

*^(Don't see a thread for a match you're watching?) [^(Click here)](https://www.reddit.com/r/soccer/wiki/matchthreads#wiki_match_thread_bot) ^(to learn how to request a match thread from this bot.)*","analysis"
"Sensible Soccer Menu Music EP -- Last year (and by very kind approval of the game’s creator, Jon Hare) I released SENSI MUSIK. This is an EP of authentically recreated menu music from the iconic: Sensible Soccer (1992) Sensible World of Soccer (1994), SWOS ‘96/‘97 Brand new SWOS 25+ (pretending this legendary game was still with us) This music was released on Bandcamp in aid of the UK mental health charity Campaign Against Living Miserably. I’d love for this music to spread further around the world - it’s ideal to listen to whilst playing football manager, FC26 or even on your daily commute. It’s available here: tinyurl.com/SensiSoccer Thanks for listening, stay sensible and look out for your friends.","analysis"
"In 2024, now 34-year-old Xherdan Shaqiri was thought to be next to done, washing out of MLS in three years, finishing near the bottom of the table with modest statistics. He returned to Basel in the Swiss League and has been ridiculously dominant: so far 59 G/A in 63 league games -- [https://fbref.com/en/players/6421ec64/Xherdan-Shaqiri](https://fbref.com/en/players/6421ec64/Xherdan-Shaqiri) I don't know how many people who follow the game are paying attention to the Swiss League or the late career of Xherdan Shaqiri, and I'm not really either, but I thought this was kind of cool. He's completely dominating in a relatively decent second or third tier European league. Last year, he just missed out on a 20-20 season finishing with 18 goals and 21 assists, leading the league in both categories and finishing as the clear best player in the league. So far this year he's at 10 and 10, which is still near the top of the league in both categories. Someone else can probably provide more nuance, but this is a pretty ridiculous turnaround from the end of his time with the Chicago Fire, where he put up modest numbers and finished near the bottom of the league all three seasons","analysis"
"It’s a bit rich for the triggered fanboys like you talking about low IQ as being a fan of any human being is correlated with low IQ in the first place.

[link](https://bmcpsychology.biomedcentral.com/articles/10.1186/s40359-021-00679-3)

[link 2](https://www.independent.co.uk/life-style/celebrities-obsessed-study-less-intelligent-b1989280.html)

Result: Congrats, you are an idiot.","analysis"
"Germany [3] - 1 Curacao - K. Havertz 45+4'","reaction"
"Germany 7-1 Brazil wasn't luck: The tactical collapse explained [5:02]","hot_take"
"Seeing Keane and Vieira in the same room like that just does things to my heart","reaction"
"[Moretto]Markus Krösche now in very advanced negotiations with Milan. He wants to bring Timmo Hardung with him, that's one of his demands - Roma have to sell by the end June, Manu Kone says he wants to wait for the end of the WC but Roma HAVE to sell, Kone,Dovbyk or Soule will be sold before June 30","analysis"
"Most world cup goals after Germany's 7:1 against Brazil - eh I mean Curacao","hot_take"
"Germany [3]-1 Curacao - Kai Havertz penalty 45+4'","reaction"
"95 years ago today - the Conte Verde sails from the Genoa port, carrying the Romanian and Yugoslavian sides (later, the French and Belgian) to the first WC in Uruguay. Also it carried the Jules Rimet trophy.","analysis"
"Fan Select England Alternate World Cup Soccer Squad -- The choice of England World Cup Squad has been made. Instead of arguing and fuming, let us select England Alternate World Cup Squad, I firmly believe that the alternate squid can advance to the semi finals. I begin first, feel to free to add, Goalie: Aaron Ramsdale Guard : Harry Maguire, Luke Shaw Midfield: Cole Palmer Froward: Phil Foden","analysis"
"Lamine Yamal becomes Spain's second-youngest goalscorer in World Cup history after Gavi.","reaction"
"Dean Huijsen on getting booed earlier in the season: ""I think that the Bernabéu's demand is good because it shows what the fans expect from me and that they trust me and know that I can give more. In the end it happens. All footballers have downturns, I think the injuries didn't help either.""","hot_take"
"#किसभक्तिसेदुर्गाजीदेपूर्णलाभ अपने बच्चों को भूखे देखकर माँ दुखी होती है। इसलिए नवरात्रि के अवसर पर दुर्गा माँ को दुखी न करें। बल्कि दुर्गा माँ को खुश करने के लिए पढ़ें ज्ञान गंगा। Gyan Ganga On Navratri","analysis"
"Hi y’all I have a question to experienced people or yk people who know soccer ig I have a question….","hot_take"
"If you think ads are getting annoying is football, you don't even know how bad it can actually get. -- [Betting odds integrated into the team’s formation. ](https://preview.redd.it/tn1xzxs0ea8f1.jpg?width=1585&format=pjpg&auto=webp&s=4f87c68a72978412d1ae192ca209517002809b10)

[Wide shots just to show animated ads in the stands. ](https://preview.redd.it/e0d2vry1ea8f1.jpg?width=1823&format=pjpg&auto=webp&s=abc488161ca284c029366db8e318c07a6ea4a355)

[Ads covering the screen during a goal celebration. ](https://preview.redd.it/n0b8xpr3ea8f1.jpg?width=1803&format=pjpg&auto=webp&s=043833e231dfa5a0d81c789de30042c190355566)

[More wide shots to show ads in the stands](https://preview.redd.it/v3vwsl05ea8f1.jpg?width=1748&format=pjpg&auto=webp&s=ae29696efa4a80e57feba0cc381896b3f9b11007)

[Live betting odds displayed during the game. ](https://preview.redd.it/ump5iwx6ea8f1.jpg?width=1710&format=pjpg&auto=webp&s=262df077c480f1a242a3c24fe318ed72163b6a1f)

[The last one is my favorite—a full-on live read and demo of a cellphone waterproofing. In the middle of the fucking game. ](https://preview.redd.it/ycd0cag8ea8f1.jpg?width=1772&format=pjpg&auto=webp&s=0f2ada0f994abfd52354050f5b24a8d41312ef84)

And there’s an ad read after every goal is scored too.","analysis"
"England World Cup squad: Thomas Tuchel defends his 'specialist' selections after Cole Palmer, Phil Foden and Harry Maguire left out | Football News","reaction"
"Serge Gnabry (91.2) vs Union Berlin – one of his best performances this season?","hot_take"
"Igor Tudor in mourning as it's tragically revealed Tottenham boss found out his father had died moments after Nottingham Forest loss","reaction"
"Robbie Keane reported to have stepped down as Ferencvaros boss","hot_take"
"[Nick Harris] Manchester City legal letters where the main aim was to get me sacked | In 2023, I wrote an investigative feature for the Mail on Sunday about the behaviour of multi-club ownership groups, focusing on Man City's owners. They didn't like it -- It is more than eight years since the Premier League opened an investigation into [115 charges (and more) of alleged financial cheating by City](https://sportingintelligence832.substack.com/p/manchester-citys-115-a-recap-and), and amost three years since City were charged with 115 (and more) breaches of financial rules.

And it’s been more than a year since the completion of a 10-week hearing when City presented what they said was a “comprehensive body of irrefutable evidence” to support their claim of innocence, and we are still yet to have a verdict.

If you are interested in detail then it’s probably worth reading [this piece from November last year](https://sportingintelligence832.substack.com/p/as-disruptors-man-city-try-to-dismantle) which came with lots of downloadable documents that supported the claims that City did in fact make the extraordinary sums [alleged in Football Leaks documents](https://www.spiegel.de/international/manchester-city-exposed-bending-the-rules-to-the-tune-of-millions-a-1236346.html) (as below) from sponsorship deals with Abu Dhabi entities. Those allegations and documents are available in full via that piece.

If you want more general background into City’s alleged financial cheating over more than a decade then I suggest you briefly look [here](https://sportingintelligence832.substack.com/p/as-disruptors-man-city-try-to-dismantle) and [here](https://sportingintelligence832.substack.com/p/shaping-the-narrative-with-smoke).

But today’s piece is something different. It’s a story of how Manchester City have set out to intimidate and effectively bully reporters (specifically me in this case) who have consistently produced investigative journalism since 2014 that has asked questions about their dubious financial practices.

More specifically, today’s piece looks at a single newspaper article from 2023 (by me, for the *Mail on Sunday*) - which, on the face of it, was relatively innocuous - which asked questions about the financial advantages that a multi-club organisation (MCO) such as the the City Football Group ([wiki page here](https://en.wikipedia.org/wiki/City_Football_Group), their [own page here](https://www.cityfootballgroup.com/)) might gain from being an MCO.

The rest of today’s piece, for *Sporting Intelligence* paid subscribers, without which this site could not exist, includes:

* My initial email to Man City in May 2023, asking basic questions about transfers of players between CFG entities. I had already extensively researched this but wanted City / CFG to give me guidance if I was wrong, or correct me when open source information was erroneous. This should give you an insight into how responsible and diligent reporters behave, fact-checking and asking questions about stories before we publish.
* The initial threatening response from City, which wasn’t from the club but from a law firm, sent to my bosses and effectively trying to get me sacked for asking questions (!!), without answering my questions.
* A second letter from a law firm on behalf of City, after we published the article in question, basically saying it was total rubbish, but actually providing information that showed my initial research was solid.
* My response to the *Mail on Sunday*’s lawyers, explaining how I had gone to great lengths to get accurate information for the article, and how City had declined to answer any questions about the subject, pre-publication. I also told the *MoS* lawyers that City would NOT want us to publish the “accurate” information they gave us, because they were obtuse and just trying to get me sacked. “That would be weird,” one of my paper’s senior lawyers told me. And guess what? When asked by the MoS lawyers if we could use the club’s own figures to update the article online, City refused! No further action happened and my original article about Manchester City “gaming the system” [remains unchanged on the ](https://www.dailymail.co.uk/sport/football/article-12132045/Are-Manchester-City-gaming-Champions-13-club-group-accused-stockpiling-players.html)[*Mail*](https://www.dailymail.co.uk/sport/football/article-12132045/Are-Manchester-City-gaming-Champions-13-club-group-accused-stockpiling-players.html)[ website.](https://www.dailymail.co.uk/sport/football/article-12132045/Are-Manchester-City-gaming-Champions-13-club-group-accused-stockpiling-players.html) City simply wanted to intimidate me and persuade my bosses I needed to be sacked.","analysis"
"Daily Discussion -- # Welcome to the [r/soccer](https://old.reddit.com/r/soccer) Daily Discussion!

# ✔️ This is a thread for:

* Discussion points that aren't worthy of their own thread.
* Asking small questions about football to the community.
* if you're new to the subreddit, remember to get your **team crest** [here](https://www.reddit.com/r/soccer/wiki/set_flair) and to [read our rules and submission guidelines](https://old.reddit.com/r/soccer/wiki/rules#wiki_community_rules)!

# ❌ This is not a thread for:

* Comments that aren't related to football.
* Trolling or baiting other users or fanbases.
* Comments about an ongoing game better suited for the Match Thread.
* Shitposting, brigading or excessive meta discussion.
* Any other kind of toxic or unreasonable behaviour.

The moderation team will **remove** comments that violate those rules and **ban** persistent offenders.

Please report comments you think that break such rules, but more than anything else, **remember the human**. The Internet is full of places to discuss football in bad faith. This community tries to be an exception.

# ⚽ Can't find a Match Thread?

* If you are using Old Reddit [click this link](https://old.reddit.com/r/soccer/search?q=flair%3Amatch%2Bthread+AND+NOT+flair%3Apost+AND+NOT+flair%3Apre&restrict_sr=on&sort=new&t=day#res-hide-options).
* If you are using New Reddit you need to try [this other one.](https://new.reddit.com/r/soccer/search/?q=match%20thread&restrict_sr=1&sr_nsfw=&sort=new)
* If you are using the official app [press here](https://new.reddit.com/r/soccer/search/?q=match%20thread&restrict_sr=1&sr_nsfw=&sort=new) and sort by ""new"".
* If you are using a third-party app... ¯\\*(ツ)*/¯

If there's no Match Thread for the match you're watching you can:

* [Create one](https://www.reddit.com/r/soccer/wiki/matchthreads) yourself.
* Ask [/u/MatchThreadder](https://old.reddit.com/u/MatchThreadder) for one. You just need to send a PM to him with the subject ""Match Thread"" and the body ""Team A vs Team B"" (for example, ""Inter Milan vs. Udinese"") to get one from this great bot 🤖

# 🔗 Other useful quick links:

⭐ [**Star Posts**](https://www.reddit.com/r/soccer/search?sort=new&restrict_sr=on&q=flair%3A%E2%AD%90%2BStar%2BPost): the original content by those users that give their best to our community.

📺 [**What to Watch**](https://www.reddit.com/r/soccer/search?sort=new&restrict_sr=on&q=flair%3A%F0%9F%93%BAWhat%2Bto%2BWatch): quick but extremely-useful guides of next matches.

🌍 [**Non-PL Daily Discussion**](https://www.reddit.com/r/soccer/search?sort=new&restrict_sr=on&q=flair%3A%F0%9F%8C%8D%F0%9F%8C%8E%2BWorld%2BFootball%2B): for small discussions and questions about everything but the English Premier League.

📜 [**Serious Discussion**](https://www.reddit.com/r/soccer/search?sort=new&restrict_sr=on&q=flair%3ASerious): for high-quality discussion threads about certain topics.

👩 [**Women's Football**](https://www.reddit.com/r/soccer/search?sort=new&restrict_sr=on&q=flair%3AWomens%2BFootball): for women's football content.

📧 [**Ping Groups**](https://www.reddit.com/r/soccer/wiki/userpinger/documentation): Join a ping group, our new system to find the content you want to see! ([Explanation here](https://www.reddit.com/r/soccer/comments/u8qwe8/user_ping_groups_introducing_a_new_system_to_find/))

*This thread is posted every 23 hours to give it a different start time each day.*","analysis"
"Kvara spitting on Allan(Botafogo 1 x 0 PSG) -- No one noticed, not even Allan that was focused on the game.
Europeans need to start playing ball and stop these dirty tactics and shithousery, that’s gross.","analysis"
"1997 video on the creation of one of the iconic murals outside La Bombonera -- 20-minute video of the creation of the mural outside La Bombonera seen here: [https://maps.app.goo.gl/akxEeq7TDRszaHhd6](https://maps.app.goo.gl/akxEeq7TDRszaHhd6)

  
Includes the creation of the casts used for the faces of the club legends.","analysis"
"Nike and CBF use AI, resulting in a three-footed canary (Brazil's mascot)","hot_take"
"Germany letting Curacao equalize in first 20 minutes","hot_take"
"Uruguay squad for FIFA friendlies in March against England and Algeria","hot_take"
"What a 32-team 2026 World Cup might have looked like -- Tried to make the groups somewhat similar to the actual WC.","reaction"
"Federico Dimarco is the 2025/2026 Serie A MVP","hot_take"
"DFB nominates VfB Stuttgart players Angelo Stiller und Chris Führich for the matches in March","hot_take"
"Enrique Riquelme secures backing from Scotiabank and Andbank to run for Real Madrid presidency after Spanish banks refuse guarantee","reaction"
"On this day 10 years ago, Leicester City fans sing for one hour straight after the full time whistle, as they move one win closer to glory!","reaction"
"S.Al-Dawsari yellow card against Spain 30'","hot_take"
"Being spurs, I get a lot of Hoddle. He doesn't annoy me, but he also doesn't offer great insight. Not too bad.

It's possible I'm giving him a pass because they used to trot out Jenas for our matches, and that lad makes cabbage look witty.

The other Spurs wobblehead is ""Tactics"" Tim Sherwood, a weasel who covers his self-veneration with a thin layer of ""man of the people"". If he ever got into my house, I'd make him turn out his pockets before he left. I'm not checking for silver, I'm checking for the TV remote, screwdrivers, photos of teenage daughters. That kind of guy.","analysis"
"I modeled the World Cup playoff paths this week—one is basically a coin flip","hot_take"
"#NationalFarmersDay #किसान_रत्न_सम्मान जगतगुरु तत्वदर्शी Sant Rampal Ji Maharaj को जुलाना बारहा और सरपंच एसोसिएशन ब्लॉक जुलाना द्वारा ""किसान जीवन रक्षक सम्मान"" से सम्मानित किया जाएगा। दिनांक 28 दिसंबर 2025 सुबह 10:00 बजे से SA News Yt Channel पर।","analysis"
"Match Thread: Arsenal vs Crystal Palace -- #**0': Arsenal  [vs](#bar-3-white)  Crystal Palace**

**Venue:** Emirates Stadium

[Auto-refreshing reddit comments link](http://www.reddit-stream.com/comments/1pu3hg3)

---------

[](#icon-notes-big) **LINE-UPS**

**Arsenal**

Kepa Arrizabalaga, Riccardo Calafiori, William Saliba, Myles Lewis-Skelly, Jurriën Timber, Christian Nørgaard, Mikel Merino, Eberechi Eze, Gabriel Jesus, Gabriel Martinelli, Noni Madueke.

**Subs:** Marli Salmon, Martín Zubimendi, David Raya, Ethan Nwaneri, Declan Rice, Leandro Trossard, Bukayo Saka, Martin Ødegaard, Viktor Gyökeres.

^____________________________

**Crystal Palace**

Walter Benítez, Maxence Lacroix, Marc Guéhi, Jaydee Canvot, Jefferson Lerma, Adam Wharton, Tyrick Mitchell, Chris Richards, Jean-Philippe Mateta, Yéremy Pino, Eddie Nketiah.

**Subs:** Romain Esse, Will Hughes, Justin Devenny, Christantus Uche, Kaden Rodney, Nathaniel Clyne, Joél Drakes-Thomas, Dean Henderson, Borna Sosa.

------------

[](#icon-net-big) **MATCH EVENTS** | *via [ESPN](http://www.espn.com/soccer/match?gameId=760341)*



--------

*^(Don't see a thread for a match you're watching?) [^(Click here)](https://www.reddit.com/r/soccer/wiki/matchthreads#wiki_match_thread_bot) ^(to learn how to request a match thread from this bot.)*","analysis"
"Pep Guardiola on the messages he's received after it was announced he's leaving as Manchester City","hot_take"
"Austria reveals new away kit for the World Cup - Austrian cafe culture with its marble tables cited as inspiration","hot_take"
"Made a free site that shows live bracket projections and where each team could play next in the knockout stage of Cup 2026, good reference if you are following the tournament or planning travel","reaction"
"Daniel Alves in Portuguese football: investor, possibly player and then coach. -- >Now an investor in the SAD (a type of SAF, in Brazil) of Sporting Clube de São João de Ver, in the third division of Portugal, Daniel Alves is not only thinking about playing for another six months and ending his career on the field. The idea is also to start a coaching career soon.

In recent days, the former right-back obtained his A license, after a long period of study (in-person and online classes) at Maradona Menotti, in Argentina, which belongs to the AFA (Argentine Football Association) and is linked to Conmebol.

Besides being an investor, Daniel is also thinking about returning to play officially (probably between January and June 2026). However, the possibility is still under study.","analysis"
"Match Thread: Spain U21 vs England U21 | UEFA European Under-21 Championship -- #**0': Spain U21  [vs](#bar-3-white)  England U21**

**Venue:** City Arena - Stadión Antona Malatinského

[Auto-refreshing reddit comments link](http://www.reddit-stream.com/comments/1lh3up2)

---------

[](#icon-notes-big) **LINE-UPS**

**Spain U21**

Alejandro Iturbe, Cristhian Mosquera, César Tárrega, Hugo Bueno, Marc Pubill, Alberto Moleiro, Beñat Turrientes, Javi Guerra, Mateo Joseph, Diego López, Juanlu Sanchez.

**Subs:** Jesús Rodriguez, Mikel Jauregizar, Pablo Torre, Pablo Cuñat, Andrés García, Roberto Fernández, Juanma Herzog, Raúl Moro, Rafa Marín, Aitor Fraga, Pablo Marín.

^____________________________

**England U21**

James Beadle, Jarell Quansah, Charlie Cresswell, Valentino Livramento, Jack Hinshelwood, James McAtee, Tyler Morton, Alex Scott, Jay Stansfield, Omari Hutchinson, Harvey Elliott.

**Subs:** Hayden Hackney, Elliot Anderson, Jon Rowe, Tommy Simkin, Samuel Iling-Junior, Brooke Norton-Cuffy, Ronnie Edwards, Archie Gray, CJ Egan-Riley, Teddy Sharman-Lowe, Ethan Nwaneri, Tom Fellows.

------------

[](#icon-net-big) **MATCH EVENTS** | *via [ESPN](http://www.espn.com/soccer/match?gameId=724173)*



--------

*^(Don't see a thread for a match you're watching?) [^(Click here)](https://www.reddit.com/r/soccer/wiki/matchthreads#wiki_match_thread_bot) ^(to learn how to request a match thread from this bot.)*","analysis"
"Spain [4] - 0 Saudi Arabia - Ali Lajami 49'","reaction"
"Match Thread: Lens vs Nice -- #**0': Lens [vs](#bar-3-white) Nice** **Venue:** Stade de France [Auto-refreshing reddit comments link](http://www.reddit-stream.com/comments/1tkse70) --------- [](#icon-notes-big) **LINE-UPS** **Lens** Robin Risser, Pierre Ganiou, Malang Sarr, Kyllian Antonio, Adrien Thomasson, Mamadou Sangare, Matthieu Udol, Saud Abdulhamid, Odsonne Édouard, Allan Saint-Maximin, Florian Thauvin. **Subs:** Andrija Bulatovic, Florian Sotoca, Arthur Masuaku, Amadou Haidara, Rayan Fofana, Abdallah Sima, Wesley Saïd, Ruben Aguilar, Mathieu Gorgelin. ^____________________________ **Nice** Maxime Dupé, Dante , Kojo Peprah Oppong, Antoine Mendy, Hicham Boudaoui, Djibril Coulibaly, Melvin Bard, Jonathan Clauss, Elye Wahi, Sofiane Diop, Mohamed-Ali Cho. **Subs:** Kevin Carlos , Juma Bah, Yehvann Diouf, Morgan Sanson, Kail Boudache, Charles Vanhoutte, Ali Abdi, Tom Louchet, Tiago Gouveia. ------------ [](#icon-net-big) **MATCH EVENTS** | *via [ESPN](http://www.espn.com/soccer/match?gameId=401863529)* -------- *^(Don't see a thread for a match you're watching?) [^(Click here)](https://www.reddit.com/r/soccer/wiki/matchthreads#wiki_match_thread_bot) ^(to learn how to request a match thread from this bot.)*","analysis"
"Trabzonspor 1-0 Konyaspor - Paul Onuachu 18'","hot_take"
"Albanian second division standings heading into the winter break -- Though I’d do a small recap of what has happened so far in the second division:

\-No surprises so far for the favourites to get promoted as Skenderbeu are convincingly leading the league so far as they want to make a swift return to the Superliga 

\-Laci on the other hand have been struggling so far as they’re going neck on neck with Pogradeci for the second automatic promotion spot so far and it could be a exciting race as Pogradeci want to make a return to the Superliga for the first time in 15 years(they were very close last season to get promoted but they suffered a heartbreaking 1-0 defeat against Tirana in the last minutes of the playout game)

\-As for the playoff places the race is quite open so far as the distance between 4th and 10th place is only 8 points but for me the favourites to get the remaining 3 spots(I don’t see either Pogradeci or Laci to drop in form for the remainder of the season) are Besa Kastrioti and Apolonia

\-The playoffs work like this: 3rd vs 6th and 4th vs 5th. The winner of both games will face each other in the final and whoever wins the game will face the 8th place from Superliga for a chance to make it to Albania’s top division 

\-As for the relegation zone Korabia are in a good position to turn it around and secure safety Lushnja on the other hand are in a rough spot as they’ve already sacked three different coaches so far so more than likely they will play a playout game against a third division opponent 

\-And finally the teams who will more than likely be relegated directly are Luftetari and Kukesi. Luftetari and the city of Gjirokastra have suffered quite a lot for the last few years as their previous team KF Luftetari were in the Superliga as recently as 2020 and even finished third and qualified for Europe in 2018 but ever since the COVID days the team struggled badly financially and they were forced to defunct. A new team AF Luftetari was found and they’ve had remarkable rise until now as they were in the fourth division as recently as 2023 but now the situation looks bleak and will more than likely return to the third tier after only one year.

Kukesi have had an even crazier downfall as they were champions of Albania in 2017 playing in Europe as far as 2020 and they were in the Superliga as far as 2024 but ever since the mayor of Kukes and owner of the team Safet Gjici was removed from office because of an infamous scandal(where it included a +18 video) Kukesi have been on a massive free fall. They got relegated from the Superliga in 2023/24 and it was expected that they would make an immediate return. But not only that did not happen but they almost got relegated to the third division as they finished 10th last season and they only won 1-0 against third tier side Oriku. But it looks like that there’s no hope for them as they are more than likely to be relegated to the third division.","analysis"
"Oyarzabal chance against Saudi Arabia 36'","hot_take"
"Rashford: “My role model is Thierry Henry. Just like him, I enjoy playing as a '9' more and more.” -- Rashford: ""Spain is nice, and it's not too far from home. If I train here for an extended period, it’s great because my family can come visit for a few days — it’s just a three-hour flight. The weather’s good here too.""

""The Ballon d'Or? It depends. If you're voting for the best player, it's Lamine. If you're voting for the one who won the Champions League, then it's Dembélé. It all depends on how you feel.""

Rashford: ""Lamine is incredible, it doesn't make sense to do what he does at his age. His mentality is a quality. ""

Playing with Lamine one day?

Marcus Rashford: “Of course I'd love to. Everyone wants to play with the best. Hopefully... we'll see.”

Rashford: “My role model is Thierry Henry. Just like him, I enjoy playing as a '9' more and more.”","analysis"
"Spain [3] - 0 Saudi Arabia - Mikel Oyarzabal 24'","reaction"
"#सत_भक्ति_संदेश परमात्मा ने मनुष्य को अपने स्वरूप के अनुरूप बनाया है। इसलिए कहा जाता है कि :- नर नारायण रूप है, तू ना समझ देहि। ""चौरासी लाख प्रकार के जीवों से मानव देह उत्तम है"" अधिक जानकारी के लिए देखें Sant Rampal Ji Maharaj Youtube Channel पर","analysis"
"If Carlo Ancelotti wins the world cup, will he become the best coach in history?","hot_take"
"Majority of Ligue 1 viewers accessing matches illegally, LFP reveals - Get French Football News","hot_take"
"Was sick of opening 6 ad-filled tabs every night just to find what World Cup games are on, so I built something ultra simple","reaction"
"Bari have been relegated to Serie C after losing the relegation playoffs against Südtirol -- The tie ended 0-0 on aggregate, Südtirol stay up thanks to their better position in the regular season.","reaction"
"PSG are once again attempting to postpone their Ligue 1 fixture scheduled for April 11, aiming to secure a full week of rest before their clash with Liverpool on April 14. They successfully did the same before facing Chelsea.","analysis"
"Curaçao become only the second team in the history of the World Cup to lose 7–1 to Germany","reaction"
"Zimbabwean striker Macauley Bonne played against Mohamed Salah and the Egyptian national team yesterday. In club football, he plays for Maldon & Tiptree in the Isthmian League North Division, in the 8th tier of the English league pyramid.","analysis"
"He was a banter player for most of his time. They played him at DM and he had to make a lot of last-man tackles. He got a lot of red cards. The gooners were perpetually on his back, spurs loved him being there.

His last year with them, they played him higher up the pitch and it suited him better. But nobody would have fancied him for an invincible season.","analysis"
"Raya on whether he deserves to start for Spain: “Obviously I have had a successful year with Arsenal, winning my third Golden Glove and winning the Premier League. But what I think does not matter. What matters is what the boss thinks and what he thinks is best for the team.”","hot_take"
"Protest in Caldas SC vs SC Braga match of the Portugal Cup due to sudden change of venue -- At 1am on the 23rd an announcement by Caldas SC was posted reporting the change of venue due to poor pitch conditions. The venue was changed to a stadium 1 hour away from Caldas da Rainha (Caldas SC city) that has 1/4 of the originals capacity.

Videos from both pitches on the day show a similar quality if not better for the original stadium.","analysis"
"Manuel Neuer spotted at midfield against Curacao 54'","hot_take"
"Match Thread: Huddersfield Town vs Manchester City -- #**0': Huddersfield Town  [vs](#bar-3-white)  Manchester City**

**Venue:** Accu Stadium

[Auto-refreshing reddit comments link](http://www.reddit-stream.com/comments/1npkboh)

---------

[](#icon-notes-big) **LINE-UPS**

**Huddersfield Town**

Lee Nicholls, Murray Wallace, Josh Feeney, Sean Roughan, Lasse Sorenson, Zepiqueno Redmond, David Kasumu, Ben Wiles, Dion Charles, Daniel Vost, Marcus Myers-Harness.

**Subs:** Owen Goodman, Leo Castledine, Joseph Taylor, Jay Smith-Sway, Joe Low, Alfie May, Bojan Radulović, Ryan Ledson, Cameron Ashia.

^____________________________

**Manchester City**

James Trafford, John Stones, Nathan Aké, Rico Lewis, Nico O&#x27;Reilly, Matheus Nunes, Nico González, Phil Foden, Savinho, Oscar Bobb, Divine Mukasa.

**Subs:** Tijjani Reijnders, Jaden Heskey, Rúben Dias, Reigan Heskey, Gianluigi Donnarumma, Stephen Mfuni, Kalvin Phillips, Bernardo Silva, Kaden Braithwaite.

------------

[](#icon-net-big) **MATCH EVENTS** | *via [ESPN](http://www.espn.com/soccer/match?gameId=758198)*



--------

*^(Don't see a thread for a match you're watching?) [^(Click here)](https://www.reddit.com/r/soccer/wiki/matchthreads#wiki_match_thread_bot) ^(to learn how to request a match thread from this bot.)*","analysis"
"I know Madrid fans ain't happy Spain win and waiting on their downfall","reaction"
"Germany - Curacao is the first game in WC history with a goal in each of the four quarters. Also, Germany is the first team who scored in each quarter. -- Historical game.","reaction"
"Swiss Super League Table after Matchday 31 - 2 games until the split, 7 games in total remaining","hot_take"
"Real Madrid has signed 4 players and a manager, just like they did last summer -- | Tactical Role | Last Season's Solution | Current Window Signings / Agreements | | :--- | :--- | :--- | | **Center-Back** | Dean Huijsen | Ibrahima Konaté | | **Right-Back** | Trent Alexander-Arnold | Denzel Dumfries | | **Left-Back** | Álvaro Carreras | Marc Cucurella | | **The #10 / Playmaker** | Franco Mastantuono | Bernardo Silva | | **Manager** | Xabi Alonso | José Mourinho | ---","analysis"
"Arne Slot on Arsenal winning the Premier League: “For me they've been a different champion than the last time…First of all, because it's the first time in 30 years that a team had 40 per cent of their goals they had from set-pieces.”","reaction"
"[Di Marzio] Man United have decided to prioritise the signing of Sandro Tonali, as he is the first-choice player specifically requested by Michael Carrick, regardless of Ederson. There is a chance the deal will go through, although it is not yet known whether the fee will be €100M or €75–80M + bonus","analysis"
"Spain 3 - [1] Saudi Arabia - Mohammed Al-Owais own-goal 48'","hot_take"
"Lights go dark followed by Fellaini music as he sprints out of the tunnel WWE style. Scores that 94th minute header","reaction"
"Post Match Thread: Nigeria 2-1 Tanzania | Africa Cup of Nations -- #**FT: Nigeria [2-1](#bar-3-white) Tanzania**

*Nigeria scorers: Semi Ajayi (36'), Ademola Lookman (52')*

*Tanzania scorers: Charles M'Mombwa (50')*



--------

**Venue:** Complexe Sportif de Fes, Fez

[Auto-refreshing reddit comments link](http://www.reddit-stream.com/comments/1my1hcl)

---------","analysis"
"Community Shield moved from Wembley to Cardiff because of The Weeknd's gigs","hot_take"
"Can we please never play Ferran for the rest of the tournament? Borja would definitely be a better sub than him.","reaction"
"Boavista pays first installment to stay ""alive"": ""We are fighting a battle"" -- *Article:*

**Boavista, with the help of fans, deposited 55,000 euros last Monday, within the stipulated deadline, revealed president Rui Garrido Pereira.**

Boavista deposited €55,000 into the insolvency account of the club's creditors last Monday, under penalty of ceasing operations, while continuing to work on its recovery, said the club's president, Rui Garrido Pereira, on Tuesday.

""\[The first payment\] was made within the stipulated deadline, thanks to the collaboration of many Boavista supporters, to whom I must express my gratitude. This made it possible to fulfill that obligation we had with the court,"" said the director, in statements to the Lusa news agency.

The amount covered Boavista's current expenses in December and the first installment to be paid to creditors, who will receive €96,000 in January, February, and March, always by the 10th, plus the amount indicated by the insolvency administrator to cover the expenses of each month. In case of non-compliance, Maria Clarisse Barros may order the immediate closure of the Porto club's activities, effective 15 days after the decision, without needing to convene a new creditors' meeting.

“We are fighting a battle to keep Boavista alive. We know we have obligations to fulfill, and that is our duty at every moment. Boavista is always on the edge. We are insolvent and we have to find solutions to solve the problems,” stressed Rui Garrido Pereira.

On Thursday, two days after reaching an agreement with creditors in court to maintain its activity, Boavista launched a public fundraising campaign, with four forms of participation, from 40 to 40,000 euros, which helped to pay the first installment on time.

“At this moment, we want to thank the support and interest of many Boavista supporters and others. Several people without direct ties to the club are concerned and have helped. We want more participation from society, as a way of demonstrating strength and will for Boavista to overcome this situation,” he stated.

The campaign emerged at a time when Boavista's management has been in negotiations with public entities and private investors, attempting to implement a financial recovery plan that secures the club's future, which has been without a senior football team for two months. The proposal presented by the club was accepted at a creditors' meeting in the Vila Nova de Gaia Commercial Court, allowing the institution to continue operating, under the commitment to cover its current operational deficit.

""We are fighting for our survival and working on the club's recovery. We want to implement a project, but there is a lot of constraint and conditioning. We have to know how to live with this and get out of this situation,"" warned Rui Garrido Pereira, lamenting the ""non-existent relations"" with the SAD (Sporting Limited Company), accused of failing to fully comply with the protocol with the club. In November, Boavista's insolvency administrator had requested the closure of the club from the courts – whose liquidation had been approved two months earlier – because it was generating losses for the insolvent estate, with the consequent accumulation of debts.","analysis"
"I noticed that Spain had 4 points shown before their game even ended, so why do Iran and Belgium now have 1 point each 8 minutes in as if it's already a draw?","hot_take"
"Claudia Bavel statement on Lamine Yamal -- Source: [https://www.telecinco.es/famosos/20250620/exclusiva-claudia-bavel-revela-mensajes-lamine-yamal-tardear\_18\_015926326.html](https://www.telecinco.es/famosos/20250620/exclusiva-claudia-bavel-revela-mensajes-lamine-yamal-tardear_18_015926326.html)","analysis"
"Flying kick to the head foul in Romanian League 2, yellow card shown [FC Voluntari - Chindia Târgoviște]","hot_take"
"[soccerworldcups.com]With the 7-1 win over Curacao, Germany has currently overtaken Brazil for most Goals scored in World Cup history","reaction"
"Rodri was insane today. It’s only saudi, but good to see him play his A game","reaction"
"Spain [2] - 0 Saudi Arabia - Mikel Oyarzabal 20'","reaction"
"Real Madrid eyeing free transfer move for Ruben Neves in summer 2026, as they wish to bring in a deep-lying distributor for the next season due to their current struggles in the midfield. Neves wants to return to European football. They are also looking at Angelo Stiller & Adam Wharton as candidates","analysis"
"Spain [5] - 0 Saudi Arabia - Yéremy Pino goal 90+4'","reaction"
"India is not for beginners -- World cup poster in India featuring Indians and HITLER","hot_take"
"European League of Not Losing -- For the international break, with 100% less Dutch teams now that PSV got bored of beating everyone with eleven and tried to win with ten. Bar the Czech\* league, everyone has played at least 75% of their expected games this season now, so it’s a decent barometer of a team’s sticking power. Now only two potentially invincible sides left in Europe’s top 20 leagues - Fenerbache lost to the bottom of the table side for the first time this season in what seems like a European hangover? Or just overconfidence? Benfica completing an unbeaten season but finishing third would be insane(ly funny because Mourinho). Arsenal lost in the League cup but maintain their standing, with AC Milan, Bayern and Dortmund the only other top 5 sides left.","analysis"
"Derbyist for the week of Mar 23, 2026 -- This is a schedule of this week's derbies and rivalry matches from [Derbyist](https://derby.ist), where you can also find more upcoming derbies and historical results with video highlights. ## Upcoming Derbies This Week 🔥 There are no derbies or rivalry matches scheduled for this week. ## Last Week's Derby Results & Highlights 🔥 ### Thursday March 19 * 🇧🇷 Vasco da Gama 3 - 2 Fluminense ([Clássico dos Gigantes](https://derby.ist/derby/classico-dos-gigantes)) ### Saturday March 21 * 🏴󠁧󠁢󠁳󠁣󠁴󠁿 Rangers 4 - 1 Aberdeen ([Aberdeen F.C.–Rangers F.C. rivalry](https://derby.ist/derby/aberdeen-f-c-rangers-f-c-rivalry)) ### Sunday March 22 * 🇧🇷 São Paulo 0 - 1 Palmeiras ([Choque-Rei](https://derby.ist/derby/choque-rei)) * 🇲🇽 Pumas 1 - 0 CF America ([Clásico Capitalino](https://derby.ist/derby/clasico-capitalino)) **[Highlights](https://derby.ist/match/clasico-capitalino/2026-03-22?utm_source=derbyist&utm_medium=reddit&utm_campaign=weekly)** * 🏴󠁧󠁢󠁥󠁮󠁧󠁿 Newcastle United 1 - 2 Sunderland ([Tyne–Wear derby](https://derby.ist/derby/tyne-wear-derby)) * 🇳🇱 Feyenoord 1 - 1 Ajax ([De Klassieker](https://derby.ist/derby/de-klassieker)) * 🇧🇷 Athletico Paranaense 2 - 0 Coritiba ([Atle-Tiba](https://derby.ist/derby/atle-tiba)) * 🇪🇸 Real Madrid 3 - 2 Atlético Madrid ([Madrid derby](https://derby.ist/derby/madrid-derby)) **[Highlights](https://derby.ist/match/madrid-derby/2026-03-22?utm_source=derbyist&utm_medium=reddit&utm_campaign=weekly)** *** Want to get this via email? Each Monday the Derbyist newsletter delivers to you a schedule of the coming week's derbies and rivalry matches plus the results of last week's derbies and rivalry matches with links to video highlights. [Subscribe here for free.](https://derby.ist/#subscribe) Also, check out our sister site, **[Highlighter](https://highlighter.derby.ist)** — featuring video highlights from _every_ match across all the top European competitions. *** **NOTA BENE:** If we're missing a derby or notable rivalry, first please [read the FAQs](https://derby.ist/#faq) and then let us know so we can add it to the database. Thank you.","analysis"
"What’s everyone doing during halftime. I’m making dumplings.","reaction"
"It is now official: Curaçao is as good as Brazil in 2014!","hot_take"
"Uh, is this ref making the white power symbol..?","hot_take"
"Ronaldo: All-time Scoring King & 37th Career Trophy","hot_take"
"I love the World Cup. I love watching this game. Watching other countries makes me happy unlike the rectal cancer inflicting Turkish national team.","reaction"
"Do the “hydration” breaks favor any teams more than others?","reaction"
"Mehdi Taremi disallowed goal against Belgium 25'","hot_take"
"Adrian (Real Betis GK) has retired from the beautiful game -- (Translated from ChatGPT) “Hello, Betis fans. In my career I have won titles, competed against great players, and been teammates with even greater ones. I’ve saved penalties, scored goals, and been called up to my national team. I’ve achieved things that the little boy from Su Eminencia — whom his parents, after working all week at the fruit market, would take to play barefoot on dirt fields — could never have dreamed of. At Betis I’ve run like Rocky, had to negotiate with Don Manuel, made saves, made mistakes, been captain, and tried to give my very best both on the pitch and on the bench. I’ve cared about supporting teammates through injuries and difficult moments, spoken with the academy players who are our future, and blasted songs like ‘Free From Desire,’ which played in Liverpool’s dressing room, to celebrate our joys. You already know this will be my last match as Betis goalkeeper, but I also want to announce that in recent hours I have decided this will also be my last match as a football player. I retire in the place where I belong. Two years ago, at my presentation, I told you: ‘Hopefully we can achieve beautiful things.’ And now I remember the welcome at the parking ramp after Fiorentina; the matches where you lifted us from the stands; the way you filled Breslavia, juggling flights and shifts for our first European final; qualifying for the Champions League after 21 years... So I think we did achieve beautiful things, and above all I believe we’ve laid the foundations for even more to come. And because of that, I have to ask something of you: Betis must keep growing, so please, may there always be some of you shouting to ours what I ask for in every video: ‘We keep going, we keep going!’ Betis fans, I love you. You are the supporters of champions, the best fans in the world… and my family. See you this Saturday. Adrián San Miguel.”","analysis"
"Match Thread: PAOK Salonika vs Maccabi Tel-Aviv -- #**5': PAOK Salonika  [vs](#bar-3-white)  Maccabi Tel-Aviv**

**Venue:** Toumba Stadium

[Auto-refreshing reddit comments link](http://www.reddit-stream.com/comments/1nphgum)

---------

[](#icon-notes-big) **LINE-UPS**

**PAOK Salonika**

Jirí Pavlenka, Ioannis Michailidis, Tomasz Kedziora, Abdul Rahman Baba, Jonjoe Kenny, Giannis Konstantelias, Souahilo Meïté, Magomed Ozdoev, Giorgos Giakoumakis, Taison, Andrija Zivkovic.

**Subs:** Mady Camara, Dimitrios Chatsidis, Dimitrios Monastirlis, Fedor Chalov, Kiril Despodov, Alessandro Vogliacco, Joan Sastre, Luka Ivanusec, Greg Taylor, Dejan Lovren, Alessandro Bianco, Antonis Tsiftsis.

^____________________________

**Maccabi Tel-Aviv**

Roei Mashpati, Mohamed Ali Camara, Raz Shlomo, Roy Revivo, Tyrese Asante, Dor Peretz, Issouf Sissokho, Kristijan Belic, Sagiv Yehezkal, Kervin Andrade, Osher Davida.

**Subs:** Hélio Varela, Saied Abu Farchi, Itamar Noy, Yonas Malede, Yoav Gerafi, Ofek Melika, Danny Gruper, Noam Ben Harush, Elad Madmon, Ben Lederman, Heitor, Ido Shahar.

------------

[](#icon-net-big) **MATCH EVENTS** | *via [ESPN](http://www.espn.com/soccer/match?gameId=757797)*



--------

*^(Don't see a thread for a match you're watching?) [^(Click here)](https://www.reddit.com/r/soccer/wiki/matchthreads#wiki_match_thread_bot) ^(to learn how to request a match thread from this bot.)*","analysis"
"Corinthians rejects Milan's offer for Hugo Souza, the Brazilian national team's penalty-taking goalkeeper. -- Corinthians' board considered the figures presented ""small"" and is betting on the player's long contract and call-up to the national team to keep the goalkeeper.","analysis"
"Spain [3] - 0 Saudi Arabia - Mikel Oyarzabal 23' (Brace)","reaction"
"Supporting any national team (in any way) besides your own in this sport!","hot_take"
"Match Thread: SC Freiburg vs FC Basel -- #**5': SC Freiburg  [vs](#bar-3-white)  FC Basel**

**Venue:** Europa-Park Stadion

[Auto-refreshing reddit comments link](http://www.reddit-stream.com/comments/1npl195)

---------

[](#icon-notes-big) **LINE-UPS**

**SC Freiburg**

Noah Atubolu, Anthony Jung, Matthias Ginter, Christian Günter, Lukas Kübler, Johan Manzambi, Patrick Osterhage, Maximilian Eggestein, Chukwubuike Adamu, Vincenzo Grifo, Jan-Niklas Beste.

**Subs:** Ifechukwu Ogbus, Derry Scherhant, Igor Matanovic, Jordy Makengo, Max Rosenfelder, Nicolas Höfler, Yuito Suzuki, Jannik Huth, Philipp Treu, Eren Dinkci, Florian Müller.

^____________________________

**FC Basel**

Mirko Salvi, Jonas Adjei, Adrian Leon Barisic, Dominik Schmid, Keigo Tsunemoto, Xherdan Shaqiri, Metinho, Leo Leroy, Albian Ajeti, Ibrahim Salah, Arlet Zé.

**Subs:** Andrej Bacanin, Marin Soticek, Tim Pfeiffer, Tim Spycher, Flavius Daniliuc, Nicolas Vouilloz, Moritz Broschinski, Kevin Ruegg, Jeremy Agbonifo, Moussa Cissé, Dion Kacuri, Philip Otele.

------------

[](#icon-net-big) **MATCH EVENTS** | *via [ESPN](http://www.espn.com/soccer/match?gameId=757802)*



--------

*^(Don't see a thread for a match you're watching?) [^(Click here)](https://www.reddit.com/r/soccer/wiki/matchthreads#wiki_match_thread_bot) ^(to learn how to request a match thread from this bot.)*","analysis"
"Moroccan and Brazilian fans celebrating with New Yorkers in Times Square","reaction"
"Bosnia manager alleges during a press conference that Brøndby manager, Welshman Steve Cooper, has sidelined midfielder Tahirović so that he wouldn't have playing time ahead of the World Cup playoff between Bosnia and Wales","analysis"
"Germany [3] - 1 Curacao - K. Havertz (pen) 45+5'","reaction"
"Michael Owen: ""If the league started when Carrick took over, MUFC would be top of the league. We'd be 1/3rd through the season and MUFC at the top of the league. Could they then win the league? If you get rid of Carrick and they start spiraling again, the ownership would get absolutely lynched.""","hot_take"
"That's called figure of speech, hyperbole to be exact No need to be pedantic when you can't understand that lmao","reaction"
"Spain [4] - 0 Saudi Arabia - Hassan Altambakti own-goal 48'","reaction"
"🚨 EXCL: Antoine Semenyo preference is to join Man City in January. Nothing formal until market opens but #AFCB attacker favours #MCFC. Man Utd pushed hard + never planned to use 25yo at wing-back but winter switch was always tough for #MUFC","analysis"
"Norwegian Chess Legend Magnus Carlsen: “We went to the World Cup in 1994. I was a little bit too young to follow them, but then in 1998 and the 2000 European Championship, I followed a lot and thought we’re going to be here every time. I thought this was normal, but it turned out it wasn’t.”","analysis"
"Squad update: Harvey Barnes and Ben White called up","hot_take"
"Tuchel on why no Palmer or Foden - on Palmer: ""He didn't have the best season and wasn't decisive. He competes with Jude, Rogers and Eze who had better seasons."" On Foden: ""It hurt me to call him, I could tell how it affected him. I was not sure what his best position is - is it a 10, false 9 or 8?""","analysis"
"Curaçao makes history by being the first team to lose 7-1 in the World Cup and its considered a good result. -- Sausage.","reaction"
"PSG request the postponement of their Ligue 1 away game to Lens sandwiched between their Champions League ties against Liverpool","reaction"
"Spain [3] - 0 Saudi Arabia - Mikel Oyarzabal goal 22'","reaction"
"I stop watching at 70 min. I l know Spain was not gonna press the Gass after all their key players went off. First half was entertaining","reaction"
"Gavi is waaaay better utilized as a super sub when you need to inject energy. He is a great player and plays 110% always but he has no business starting in the Spain squad.","reaction"
"And can still qualify at the top. This is what OP probably meant. But you gotta respect every team.","reaction"
"Netherlands fans before their match vs Japan in Dallas","reaction"
"Edin Džeko: ""It’s more fun to watch the league you play in. For example, if you’re in Italy, you watch the Italian league more than any other league. And now, I have to say, I’ve watched the 2. Bundesliga much more than any other league. [...] It’s a really cool league.""","analysis"
"[Joint Statement] The FAs of Cape Verde, Curaçao, Uzbekistan, Congo, Haiti, Algeria, Tunisia, Morocco, Egypt, Ghana, Senegal, Côte d'Ivoire and South Africa express their profound disappointment following the recent comments made by UEFA President Aleksander Čeferin regarding the expansion of the WC","analysis"
"Copa Out | Uma Família Alemã em mais um 7 a 1","hot_take"
"Match Thread: Real Betis vs Nottingham Forest -- #**3': Real Betis  [vs](#bar-3-white)  Nottingham Forest**

**Venue:** Estadio La Cartuja de Sevilla

[Auto-refreshing reddit comments link](http://www.reddit-stream.com/comments/1npl0z3)

---------

[](#icon-notes-big) **LINE-UPS**

**Real Betis**

Pau López, Valentín Gómez, Natan, Junior Firpo, Ángel Ortiz, Giovani Lo Celso, Sofyan Amrabat, Sergi Altimira, Cédric Bakambu, Abde Ezzalzouli, Antony.

**Subs:** Ricardo Rodríguez, Félix Martí, Marc Roca, Adrián, Pablo Fornals, Chimy Ávila, José Morante, Aitor Ruibal, Cucho Hernández, Rodrigo Riquelme, Álvaro Valles.

^____________________________

**Nottingham Forest**

Matz Sels, Morato, Nikola Milenkovic, Oleksandr Zinchenko, Neco Williams, Elliot Anderson, Douglas Luiz, Ibrahim Sangaré, Igor Jesus, Callum Hudson-Odoi, Morgan Gibbs-White.

**Subs:** Willy Boly, Ryan Yates, John, Dilane Bakwa, Nicolás Domínguez, Chris Wood, Arnaud Kalimuendo, Dan Ndoye, James McAtee, Nicolò Savona.

------------

[](#icon-net-big) **MATCH EVENTS** | *via [ESPN](http://www.espn.com/soccer/match?gameId=757805)*



--------

*^(Don't see a thread for a match you're watching?) [^(Click here)](https://www.reddit.com/r/soccer/wiki/matchthreads#wiki_match_thread_bot) ^(to learn how to request a match thread from this bot.)*","analysis"
"The Tightest Relegation Battle In Premier League History | 2010/11 Season -- The Table Before Kickoff: 15th - Blackburn: 40 points (GD-14) 16th - Wolves: 40 points (GD -19) 17th - Birmingham: 39 points (GD -20) 18th - Blackpool: 39 points(GD -21) 19th - Wigan: 39 points (GD -22)","analysis"
"Curaçao Scored Its First Ever FIFA World Cup Goal today","reaction"
"Brazil 1-1 Morocco at MetLife felt like watching the 2022 quarterfinal collapse start one round early","reaction"
"Germany [7] - 1 Curacao - Havertz K. goal 87'","reaction"
"Trabzonspor [2]-1 Konyaspor - Paul Onuachu penalty 79'","reaction"
"Since debuting in 1994, five out of seven World Cup appearances have seen Saudi Arabia taken heavy beating of four or more goals in one group stage match","reaction"
"Oyarzabal chance against Saudi Arabia 42'","hot_take"
"Corinthians rejects Milan's offer for Hugo Souza, the goalkeeper who specializes in saving penalties for the Brazilian National Team. -- >Corinthians' star player in 2025, Hugo Souza, is already attracting attention from clubs abroad. One of the interested parties is Milan, from Italy, which even made a formal offer to the Corinthians board. However, the figures were considered well below what the São Paulo club considers ideal to open negotiations for the goalkeeper. The information was initially released by ""Lance!"" and confirmed by ""Meu Timão"".","analysis"
"Ferran Torres disallowed goal against Saudi 90+2'","hot_take"
"Philippe Diallo (FFF president) announced that the FFF is in talks with cinemas to screen Les Bleus’ World Cup matches for free this summer -- &#x200B;","reaction"
"A List of All Players who have been the Top-Assister of a League Season tracked by fbref.com at least 3 times -- This is since 1999/00 (or whenever later the records of the league are there) and until 2024/25 or 2025 for calendar year seasons. There were 55 Players who fit the criteria. Some expected names, some unknown names, but also some known but unexpected names: **7x Top-Assister:** **Dusan Tadic** 10/11 NED, 13/14 NED, 19/20 NED, 20/21 NED, 21/22 NED, 22/23 NED, 24/25 TUR **Luis Suárez** 07/08 NED, 08/09 NED, 09/10 NED, 15/16 ESP, 16/17 ESP, 17/18 ESP, 2023 BRA **6x Top-Assister:** **Kevin De Bruyne** 11/12 BEL, 14/15 GER, 16/17 ENG, 17/18 ENG, 19/20 ENG, 22/23 ENG **Lionel Messi** 10/11 ESP, 14/15 ESP, 17/18 ESP, 18/19 ESP, 19/20 ESP, 22/23 FRA **Oscar** 2018 CSL, 2019 CSL, 2020 CSL, 2021 CSL, 2023 CSL, 2024 CSL **5x Top-Assister:** **Steffen Hofmann** 03/04 AUT, 07/08 AUT, 08/09 AUT, 09/10 AUT, 11/12 AUT **Kostas Fortounis** 15/16 GRE, 17/18 GRE, 18/19 GRE, 20/21 GRE, 22/23 GRE **Anas Sharbini** 09/10 CRO, 10/11 CRO, 11/12 CRO, 13/14 CRO, 14/15 CRO **Alex** 05/06 TUR, 07/08 TUR, 08/09 TUR, 09/10 TUR, 10/11 TUR **4x Top-Assister:** **Thomas Müller** GER **Ángel Di María** 09/10 POR, 13/14 ESP, 15/16 FRA, 19/20 FRA **Landon Donovan** MLS **Marcus Maddison** EFL League One **Ciprian Deac** ROM **Thomas Broich** A-League **Hakim Ziyech** NED **M'barek Boussoufa** BEL **Rodrigo Ruiz** MEX **Hulk** 10/11 POR, 11/12 POR, 15/16 RUS, 2023 BRA **Gustavo Scarpa** BRA **Bořek Dočkal** CZE **Dmitri Loskov** RUS **Jakob Poulsen** DEN **Edin Višća** TUR **3x Top-Assister:** **Zlatko Tripić** NOR **Luís Figo** ESP **Dries Mertens** 12/13 NED, 18/19 ITA, 23/24 TUR **Frank Lampard** ENG **Víctor Malcorra** ARG **Jehad Al-Hussain** SAU **Luciano Acosta** MLS **Danny Olsen** DEN **Taison** 18/19 UKR, 19/20 UKR, 23/24 GRE **Djamel Abdoun** GRE **Mesut Özil** 09/10 GER, 11/12 ESP, 15/16 ENG **Cesc Fàbregas** ENG **Ricardo Quaresma** POR **Dimitri Payet** FRA **Valentin Stocker** SUI **Giorgian De Arrascaeta** BRA **James Tavernier** 15/16 SCO II, 18/19 SCO, 21/22 SCO **Domenico Berardi** 14/15 ITA, 21/22 ITA, 24/25 ITA II **Xavier Mercier** 17/18 BEL II, 19/20 BEL II, 20/21 BEL **Robert Snodgrass** 08/09 EFL League One, 11/12 Championship, 17/18 Championship **Adri Embarba** LaLiga 2 **Marc Schnatterer** 12/13 3. Liga, 16/17 2. Bundesliga, 17/18 2. Bundesliga **Michael Liendl** AUT **Sebastian Mila** POL **Øyvind Storflor** NOR **Valeri Popovitch** FIN **Mika Ojala** FIN **Kiril Despodov** BUL **Alfredo Ramúa** PER **Michael Duffy** IRL **Yeom Ki-hun** KOR If there was a tie for 1st place in a season I included all and didn't use a tie-breaker such as goals or fewer minutes played. Özil, Mertens, Hulk, Di María, De Bruyne, Luis Suárez were the only 3 who were top-assisters in 3 different (of all the tracked) leagues. Alex 2005/06 was credited with 22 Süper Lig assists on fbref, as was Steffen Hofmann for 2008/09 in the Austrian Bundesliga. 21 Assists: Thomas Müller 19/20 Germany, Lionel Messi 19/20 Spain, Michael Duffy 2018 Ireland, Oscar 2024 China. 20 Assists: Kevin De Bruyne 14/15 Germany, Kevin De Bruyne 19/20 England. Leagues included: >!FRA, ESP, ITA, GER, ENG since 99/00. MLS since 1999, Norway 2000, NED, GRE, SCO 00/01, RUS, SWE 2001, TUR, ENG II, ESP II, ITA II 01/02, POR, POL, ENG III and IV 02/03, FIN 2003, UKR, BEL, MEX, AUT, SUI, DEN, GER II 03/04, AUS, HUN 05/06, ROM 06/07, CRO, NED II, SCO II 07/08, Serbia 08/09, CZE, BUL, FRA II, GER III 09/10, BRA, ARG 2014, Saudi 14/15, China, India, KOR 2015, Japan, Peru, BRA II 2016, Chile, BEL II 16/17, COL 2017, Iran, South Africa 17/18, Ireland 2018, Canada, PAR, ECU 2019, BOL 2022, NASL 2011-2017. All until 2024/25 or 2025. [fbref.com](http://fbref.com)!< >!CSL 2021, CRO & SRB 18/19-21/22, FIN 2018-2022, Iran 19/20, HUN 18/19-22/23, BUL 18/19-24/25, IRL 2019, 2023 by [transfermarkt.de](http://transfermarkt.de) because fbref is clearly wrong or missing for these seasons.!<","analysis"
"River Plate coach Marcelo Gallardo confirms that he made Cristiano Ronaldo Club World Cup offer: “He evaluated it, thought about it, but then declined. I was fortunate enough to manage him at one point, for a friendly against PSG. I met not only a great professional, we also formed a relationship.”","analysis"
"Which team had the most dominant single season in football history?","hot_take"
"Lamine Yamal celebrating his first goal at the World Cup during match vs Saudi Arabia","hot_take"
"The World Cup Curse That's About to Strike Argentina","hot_take"
"Raków Częstochowa sign Tarik Karić from Velež Mostar","hot_take"
"David Alaba leaves Real Madrid and will be available as free agent.","hot_take"
"Arbeloa asking Vinícius if he’s okay with being taken off","hot_take"
"Brasil comforting Curacao After the Match vs Germany","hot_take"
"🚨🔵 Chelsea agree deal to sign Valentín Barco, here we go! 🇦🇷 Agreement in place with the player as RC Strasbourg will let Barco go after impressive improvement this year.","reaction"
"""To be honest, the level of the Bundesliga disappointed me a bit. [...] The teams in the bottom third of the table all play in the exact same way. [...] If Celje were to play against Frankfurt, they could keep up.""","analysis"
"He’s not he was sharp when he came on against Egypt","reaction"
"In the UK, I’m really enjoying Emma Hayes as a pundit. Has a great bit of charm and charisma and is really insightful. Its a nice tonic to Roy Keane’s constant cynicism and hard man spiel.","reaction"
"A squad composed of English players that were not called up by Thomas Tuchel","hot_take"
"Cry harder. Belgium are playing like absolute dog shit and deserve nothing out of this game, nor did they deserve jack from the Egypt game.","reaction"
"Match Thread: Rot-Weiss Essen vs SpVgg Greuther Fürth -- #**9': Rot-Weiss Essen [vs](#bar-3-white) SpVgg Greuther Fürth** **Venue:** Stadion an der Hafenstraße [Auto-refreshing reddit comments link](http://www.reddit-stream.com/comments/1tkrwv1) --------- [](#icon-notes-big) **LINE-UPS** **Rot-Weiss Essen** Jakob Golz, Ben Hüning, Tobias Kraulich, José-Enrique Ríos Alonso, Torben Müsel, Kaito Mizuta, Gianluca Swajkowski, Michael Kostka, Jannik Hofmann, Jaka Cuber Potocnik, Ramien Safi. **Subs:** Ruben Reisig, Kelsey Meisel, Nils Kaiser, Felix Bernd Wienand, Michael Schultz, Dickson Abiama, Marek Janssen, Marvin Obuz, Lucas Brumme. ^____________________________ **SpVgg Greuther Fürth** Silas Prüfrock, Philipp Ziereis, Jan Elvedi, Paul Will, Gian-Luca Itter, Jannick Dehm, Dennis Srbeny, Branimir Hrgota, Sayfallah Ltaief, Felix Klaus, Noel Futkeu. **Subs:** Pelle Boevink, Maximilian Dietz, Mehmet Avlayici, Aaron Keller, Brynjar Bjarnason, Doni Arifi, Julian Green, Sacha Bansé, Felix Higl. ------------ [](#icon-net-big) **MATCH EVENTS** | *via [ESPN](http://www.espn.com/soccer/match?gameId=401873336)* -------- *^(Don't see a thread for a match you're watching?) [^(Click here)](https://www.reddit.com/r/soccer/wiki/matchthreads#wiki_match_thread_bot) ^(to learn how to request a match thread from this bot.)*","analysis"
"Holy Moly. Thats most people’s WC final lol","reaction"
"Across the entirety of the 2018 and 2022 World Cups, there was a combined total of 4 games where a team won by 4 goals or more. At the 2026 World Cup, there have already been 6 games where teams have won by 4 goals or more","analysis"
"Bari have been relegated to Serie C after losing the relegation playoffs against Südtirol (0-0 on aggregate)","hot_take"
"Match Thread: Braga vs Feyenoord Rotterdam -- #**3': Braga  [vs](#bar-3-white)  Feyenoord Rotterdam**

**Venue:** Estádio Municipal de Braga

[Auto-refreshing reddit comments link](http://www.reddit-stream.com/comments/1npl0s6)

---------

[](#icon-notes-big) **LINE-UPS**

**Braga**

Lukas Hornicek, Sikou Niakate, Bright Arrey-Mbi, Gustaf Lagerbielke, João Moutinho, Gabriel Moscardo, Leonardo Lelo, Víctor Gómez, Amine El Ouazzani, Ricardo Horta, Rodrigo Zalazar.

**Subs:** Yanis Da Rocha, Jean-Baptiste Gorby, Gabriel Martínez, Fran Navarro, Diego Rodrigues, João Marques, Carvalho, Pau Víctor, Tiago Sá, João Aragão, Florian Grillitsch, Alaa Bellarouch.

^____________________________

**Feyenoord Rotterdam**

Timon Wellenreuther, Malcolm Jeng, Anel Ahmedhodzic, Gijs Smal, Bart Nieuwkoop, Sem Steijn, Quinten Timber, Oussama Targhaline, Casper Tengstedt, Gaoussou Diarra, Gonçalo Borges.

**Subs:** Anis Hadj Moussa, Luciano Valente, Hwang In-Beom, Liam Bossin, Aymen Sliti, Tsuyoshi Watanabe, Jordan Lotomba, Jordan Bos, Cyle Larin, Jan Plug, Jaden Slory, Justin Bijlow.

------------

[](#icon-net-big) **MATCH EVENTS** | *via [ESPN](http://www.espn.com/soccer/match?gameId=757801)*



--------

*^(Don't see a thread for a match you're watching?) [^(Click here)](https://www.reddit.com/r/soccer/wiki/matchthreads#wiki_match_thread_bot) ^(to learn how to request a match thread from this bot.)*","analysis"
"World Cup referee Omar Artan will receive full fee from FIFA despite being denied entry to the US","hot_take"
"Spain [4] - 0 Saudi Arabia - Mohammed Al-Owais own-goal 48'","reaction"
"I built a free AI fan archetype quiz for WC 2026 — which of the 12 types are you?","hot_take"
